<?xml version="1.0" encoding="UTF-8"?>
<project-private xmlns="http://www.netbeans.org/ns/project-private/1">
    <editor-bookmarks xmlns="http://www.netbeans.org/ns/editor-bookmarks/2" lastBookmarkId="0"/>
    <open-files xmlns="http://www.netbeans.org/ns/projectui-open-files/2">
        <group>
            <file>file:/C:/Users/natha/Documents/NetBeansProjects/AV1/src/java/Suporte/Consultar.java</file>
            <file>file:/C:/Users/natha/Documents/NetBeansProjects/AV1/web/index.jsp</file>
            <file>file:/C:/Users/natha/Documents/NetBeansProjects/AV1/src/java/Suporte/Calcular_comb.java</file>
            <file>file:/C:/Users/natha/Documents/NetBeansProjects/AV1/web/exibir_menssagem.jsp</file>
            <file>file:/C:/Users/natha/Documents/NetBeansProjects/AV1/build/web/index.jsp</file>
            <file>file:/C:/Users/natha/Documents/NetBeansProjects/AV1/web/histórico.jsp</file>
            <file>file:/C:/Users/natha/Documents/NetBeansProjects/AV1/web/tratar_erro.jsp</file>
            <file>file:/C:/Users/natha/Documents/NetBeansProjects/AV1/src/java/Suporte/Coleção_e_array.java</file>
        </group>
    </open-files>
</project-private>
